model,model_aux,type1,type2,,,,,,,,,,,,,,,,,,,,,,
SB99,SB99 SB100 SB500,爪,爪 7.8mm（0.38一般料）,,,,,,,,,,,,,,,,,,,,,,
SB99,SB99 SB100 SB500,爪,寬爪 8.7mm（0.38一般料）,,,,,,,,,,,,,,,,,,,,,,
SB99,SB99 SB100 SB500,爪,薄料爪 7.8mm（0.30薄料）,,,,,,,,,,,,,,,,,,,,,,
SB99,SB99 SB100 SB500,母,母,,,,,,,,,,,,,,,,,,,,,,
SB99,SB99 SB100 SB500,公,公,,,,,,,,,,,,,,,,,,,,,,
SB99,SB99 SB100 SB500,公,公 FOUR,,,,,,,,,,,,,,,,,,,,,,
SB100,SB99 SB100 SB500,爪,100面爪,,,,,,,,,,,,,,,,,,,,,,
SB500,SB99 SB100 SB500,爪,500珠光框,,,,,,,,,,,,,,,,,,,,,,
SB101,SB101 SB102 SB501,爪,五爪,,,,,,,,,,,,,,,,,,,,,,
SB101,SB101 SB102 SB501,爪,六爪,,,,,,,,,,,,,,,,,,,,,,
SB101,SB101 SB102 SB501,母,母,,,,,,,,,,,,,,,,,,,,,,
SB101,SB101 SB102 SB501,公,公,,,,,,,,,,,,,,,,,,,,,,
SB101,SB101 SB102 SB501,爪,薄料五爪,,,,,,,,,,,,,,,,,,,,,,
SB101,SB101 SB102 SB501,爪,薄料六爪,,,,,,,,,,,,,,,,,,,,,,
SB101,SB101 SB102 SB501,母,薄料母,,,,,,,,,,,,,,,,,,,,,,
SB101,SB101 SB102 SB501,公,薄料公,,,,,,,,,,,,,,,,,,,,,,
SB101,SB101 SB102 SB501,公,日式公,,,,,,,,,,,,,,,,,,,,,,
SB101,SB101 SB102 SB501,公,公FOUR,,,,,,,,,,,,,,,,,,,,,,
SB101,SB101 SB102 SB501,公,公KEN-MA,,,,,,,,,,,,,,,,,,,,,,
SB101,SB101 SB102 SB501,公,公LASTIMODA,,,,,,,,,,,,,,,,,,,,,,
SB101,SB101 SB102 SB501,公,公STAG,,,,,,,,,,,,,,,,,,,,,,
SB102,SB101 SB102 SB501,爪,102面爪,,,,,,,,,,,,,,,,,,,,,,
SB102,SB101 SB102 SB501,爪,102面爪 中凸面,,,,,,,,,,,,,,,,,,,,,,
SB102,SB101 SB102 SB501,爪,102面爪 星孔,,,,,,,,,,,,,,,,,,,,,,
SB501,SB101 SB102 SB501,爪,501珠光框,,,,,,,,,,,,,,,,,,,,,,
SB103,SB103 SB104 SB105 SB502,爪,爪 10.2mm,,,,,,,,,,,,,,,,,,,,,,
SB103,SB103 SB104 SB105 SB502,爪,寬爪 11mm,,,,,,,,,,,,,,,,,,,,,,
SB103,SB103 SB104 SB105 SB502,母,母 11mm,,,,,,,,,,,,,,,,,,,,,,
SB103,SB103 SB104 SB105 SB502,公,公 11mm,,,,,,,,,,,,,,,,,,,,,,
SB103,SB103 SB104 SB105 SB502,母,母 11.7mm,,,,,,,,,,,,,,,,,,,,,,
SB103,SB103 SB104 SB105 SB502,公,公 11.7mm,,,,,,,,,,,,,,,,,,,,,,
SB103,SB103 SB104 SB105 SB502,爪,薄料爪 10.2mm,,,,,,,,,,,,,,,,,,,,,,
SB103,SB103 SB104 SB105 SB502,母,薄料母,,,,,,,,,,,,,,,,,,,,,,
SB103,SB103 SB104 SB105 SB502,公,薄料公,,,,,,,,,,,,,,,,,,,,,,
SB103,SB103 SB104 SB105 SB502,母,日式母 11mm,,,,,,,,,,,,,,,,,,,,,,
SB103,SB103 SB104 SB105 SB502,公,日式公 11mm,,,,,,,,,,,,,,,,,,,,,,
SB103,SB103 SB104 SB105 SB502,公,日式公 11.7mm,,,,,,,,,,,,,,,,,,,,,,
SB103,SB103 SB104 SB105 SB502,公,公anand,,,,,,,,,,,,,,,,,,,,,,
SB103,SB103 SB104 SB105 SB502,公,公點,,,,,,,,,,,,,,,,,,,,,,
SB103,SB103 SB104 SB105 SB502,公,直笛腳,,,,,,,,,,,,,,,,,,,,,,
SB104,SB103 SB104 SB105 SB502,爪,104面爪11.2,,,,,,,,,,,,,,,,,,,,,,
SB104,SB103 SB104 SB105 SB502,爪,104面爪11.5,,,,,,,,,,,,,,,,,,,,,,
SB104,SB103 SB104 SB105 SB502,爪,104面爪11.5中孔,,,,,,,,,,,,,,,,,,,,,,
SB104,SB103 SB104 SB105 SB502,爪,104面爪11.5星孔,,,,,,,,,,,,,,,,,,,,,,
SB105,SB103 SB104 SB105 SB502,爪,105面爪12.5,,,,,,,,,,,,,,,,,,,,,,
SB502,SB103 SB104 SB105 SB502,爪,502珠光框,,,,,,,,,,,,,,,,,,,,,,
SB199,SB199 SB200,爪,爪,,,,,,,,,,,,,,,,,,,,,,
SB199,SB199 SB200,母,母,,,,,,,,,,,,,,,,,,,,,,
SB199,SB199 SB200,公,公,,,,,,,,,,,,,,,,,,,,,,
SB199,SB199 SB200,爪,薄料爪（0.3mm薄料）,,,,,,,,,,,,,,,,,,,,,,
SB200,SB199 SB200,爪,200面爪,,,,,,,,,,,,,,,,,,,,,,
SB106,SB106 SB107 SB108,爪,爪,,,,,,,,,,,,,,,,,,,,,,
SB106,SB106 SB107 SB108,母,母,,,,,,,,,,,,,,,,,,,,,,
SB106,SB106 SB107 SB108,公,公,,,,,,,,,,,,,,,,,,,,,,
SB107,SB106 SB107 SB108,爪,爪,,,,,,,,,,,,,,,,,,,,,,
SB107,SB106 SB107 SB108,母,母,,,,,,,,,,,,,,,,,,,,,,
SB107,SB106 SB107 SB108,公,公,,,,,,,,,,,,,,,,,,,,,,
SB108,SB106 SB107 SB108,爪,爪,,,,,,,,,,,,,,,,,,,,,,
SB108,SB106 SB107 SB108,母,母,,,,,,,,,,,,,,,,,,,,,,
SB108,SB106 SB107 SB108,公,公,,,,,,,,,,,,,,,,,,,,,,
SB201,SB201,面、撞釘面、平釘,面,,,,,,,,,,,,,,,,,,,,,,
SB201,SB201,面、撞釘面、平釘,面 (和昌),,,,,,,,,,,,,,,,,,,,,,
SB201,SB201,面、撞釘面、平釘,平釘(2.3大孔)-和昌,,,,,,,,,,,,,,,,,,,,,,
SB201,SB201,面、撞釘面、平釘,撞釘面,,,,,,,,,,,,,,,,,,,,,,
SB201,SB201,母,母 素面,,,,,,,,,,,,,,,,,,,,,,
SB201,SB201,母,母 KEN(8.7mm),,,,,,,,,,,,,,,,,,,,,,
SB201,SB201,母,母 KEN(9.2mm),,,,,,,,,,,,,,,,,,,,,,
SB201,SB201,母,母 edc(9.2mm),,,,,,,,,,,,,,,,,,,,,,
SB201,SB201,母,母 FURLA(緊、線距2.55)(9.2mm),,,,,,,,,,,,,,,,,,,,,,
SB201,SB201,母,母 FURLA(線距2.65)(9.2mm),,,,,,,,,,,,,,,,,,,,,,
SB201,SB201,母,母 FURLA(磷銅線0.6)(9.2mm),,,,,,,,,,,,,,,,,,,,,,
SB201,SB201,母,母 KEN-MA(8.7mm),,,,,,,,,,,,,,,,,,,,,,
SB201,SB201,母,母 SPRIT 舊花模(鬆)(9.2mm),,,,,,,,,,,,,,,,,,,,,,
SB201,SB201,母,母 SPRIT(9.2mm),,,,,,,,,,,,,,,,,,,,,,
SB201,SB201,母,母 SPX 0.6,,,,,,,,,,,,,,,,,,,,,,
SB201,SB201,母,母 SPX(9.2mm),,,,,,,,,,,,,,,,,,,,,,
SB201,SB201,公,公 太陽(9mm),,,,,,,,,,,,,,,,,,,,,,
SB201,SB201,公,公 同心圓(8.7mm),,,,,,,,,,,,,,,,,,,,,,
SB201,SB201,公,公(凸線型)-和昌,,,,,,,,,,,,,,,,,,,,,,
SB201,SB201,腳,腳 同心圓(8.7mm),,,,,,,,,,,,,,,,,,,,,,
SB201,SB201,腳,腳 同心圓(9mm),,,,,,,,,,,,,,,,,,,,,,
SB201,SB201,腳,腳 同心圓(舊)(8.7mm),,,,,,,,,,,,,,,,,,,,,,
SB202,SB202,面,花面MINE(凹字),,,,,,,,,,,,,,,,,,,,,,
SB202,SB202,面,面,,,,,,,,,,,,,,,,,,,,,,
SB202,SB202,面,面（11.5x2.2x4.5）,,,,,,,,,,,,,,,,,,,,,,
SB202,SB202,面,面 雙包,,,,,,,,,,,,,,,,,,,,,,
SB202,SB202,面,面(10*2.2*5mm)-和漢特殊,,,,,,,,,,,,,,,,,,,,,,
SB202,SB202,面,面(11.5mm*2.2管),,,,,,,,,,,,,,,,,,,,,,
SB202,SB202,面,面(大孔特短),,,,,,,,,,,,,,,,,,,,,,
SB202,SB202,面,短面(10*3.5),,,,,,,,,,,,,,,,,,,,,,
SB202,SB202,母,母 無字,,,,,,,,,,,,,,,,,,,,,,
SB202,SB202,母,銅母 BANG 0.6,,,,,,,,,,,,,,,,,,,,,,
SB202,SB202,母,銅母 BANG 0.62,,,,,,,,,,,,,,,,,,,,,,
SB202,SB202,母,銅母 BTN502 0.6,,,,,,,,,,,,,,,,,,,,,,
SB202,SB202,母,銅母 BTN502 0.62,,,,,,,,,,,,,,,,,,,,,,
SB202,SB202,母,銅母 BTN502 0.65,,,,,,,,,,,,,,,,,,,,,,
SB202,SB202,母,銅母 CIT,,,,,,,,,,,,,,,,,,,,,,
SB202,SB202,母,銅母 EMR,,,,,,,,,,,,,,,,,,,,,,
SB202,SB202,母,銅母 JALINO(展獅),,,,,,,,,,,,,,,,,,,,,,
SB202,SB202,母,銅母 SPRIT 0.65,,,,,,,,,,,,,,,,,,,,,,
SB202,SB202,母,銅母 SPX,,,,,,,,,,,,,,,,,,,,,,
SB202,SB202,母,銅母 Timberland,,,,,,,,,,,,,,,,,,,,,,
SB202,SB202,母,銅母 TTK 0.6,,,,,,,,,,,,,,,,,,,,,,
SB202,SB202,母,銅母 TTK 0.6 大孔,,,,,,,,,,,,,,,,,,,,,,
SB202,SB202,母,銅母 TTK(展獅),,,,,,,,,,,,,,,,,,,,,,
SB202,SB202,母,銅母 六星 0.6,,,,,,,,,,,,,,,,,,,,,,
SB202,SB202,母,銅母 立0.55,,,,,,,,,,,,,,,,,,,,,,
SB202,SB202,母,銅母 立0.6,,,,,,,,,,,,,,,,,,,,,,
SB202,SB202,母,銅母 立0.6(不良品-字體斷掉),,,,,,,,,,,,,,,,,,,,,,
SB202,SB202,母,銅母 無字有孔(白鐵線0.5),,,,,,,,,,,,,,,,,,,,,,
SB202,SB202,母,銅母(高度3.85mm),,,,,,,,,,,,,,,,,,,,,,
SB202,SB202,母,鐵母 *K* BRAND 0.45,,,,,,,,,,,,,,,,,,,,,,
SB202,SB202,母,鐵母 BANG 0.42,,,,,,,,,,,,,,,,,,,,,,
SB202,SB202,母,鐵母 END 0.45,,,,,,,,,,,,,,,,,,,,,,
SB202,SB202,母,鐵母 HHCCB 0.45,,,,,,,,,,,,,,,,,,,,,,
SB202,SB202,母,鐵母 J P 0.45,,,,,,,,,,,,,,,,,,,,,,
SB202,SB202,母,鐵母 M MARY 0.45,,,,,,,,,,,,,,,,,,,,,,
SB202,SB202,母,鐵母 SPX 0.42,,,,,,,,,,,,,,,,,,,,,,
SB202,SB202,母,鐵母 TTK 0.4,,,,,,,,,,,,,,,,,,,,,,
SB202,SB202,母,鐵母 TTK 0.4(大孔),,,,,,,,,,,,,,,,,,,,,,
SB202,SB202,母,鐵母 TTK 0.42,,,,,,,,,,,,,,,,,,,,,,
SB202,SB202,母,鐵母 TTK 0.45,,,,,,,,,,,,,,,,,,,,,,
SB202,SB202,母,鐵母 Y F 0.45,,,,,,,,,,,,,,,,,,,,,,
SB202,SB202,母,鐵母 YAMADA 0.45,,,,,,,,,,,,,,,,,,,,,,
SB202,SB202,母,鐵母 YI 0.45,,,,,,,,,,,,,,,,,,,,,,
SB202,SB202,母,鐵母 立0.45,,,,,,,,,,,,,,,,,,,,,,
SB202,SB202,母,鐵母 立輝(厚),,,,,,,,,,,,,,,,,,,,,,
SB202,SB202,母,鐵母 立輝(溝3.0),,,,,,,,,,,,,,,,,,,,,,
SB202,SB202,公,公 太陽,,,,,,,,,,,,,,,,,,,,,,
SB202,SB202,公,公 點點(10mm),,,,,,,,,,,,,,,,,,,,,,
SB202,SB202,公,公 SKECHRS(10mm),,,,,,,,,,,,,,,,,,,,,,
SB202,SB202,公,公 STAMP,,,,,,,,,,,,,,,,,,,,,,
SB202,SB202,公,公 太陽(10mm)-永義,,,,,,,,,,,,,,,,,,,,,,
SB202,SB202,公,公 太陽 (頭小5條),,,,,,,,,,,,,,,,,,,,,,
SB202,SB202,公,公 太陽(大),,,,,,,,,,,,,,,,,,,,,,
SB202,SB202,公,公 太陽(立輝溝3.0母用),,,,,,,,,,,,,,,,,,,,,,
SB202,SB202,公,公 太陽(10mm) 頭較大 3.7mm-停用,,,,,,,,,,,,,,,,,,,,,,
SB202,SB202,腳,腳 人字,,,,,,,,,,,,,,,,,,,,,,
SB202,SB202,腳,腳 人字長腳,,,,,,,,,,,,,,,,,,,,,,
SB202,SB202,腳,腳 草圖,,,,,,,,,,,,,,,,,,,,,,
SB202,SB202,腳,腳 草圖長腳,,,,,,,,,,,,,,,,,,,,,,
SB202,SB202,腳,腳 (切5.5mm)立輝,,,,,,,,,,,,,,,,,,,,,,
SB202,SB202,平釘,平釘(2.8*3.7),,,,,,,,,,,,,,,,,,,,,,
SB202,SB202,平釘,平釘(5.8*2.2*3.6),,,,,,,,,,,,,,,,,,,,,,
SB202,SB202,平釘,平釘(8*2.3*5.5),,,,,,,,,,,,,,,,,,,,,,
SB202,SB202,平釘,平釘(8*2.3*6.5),,,,,,,,,,,,,,,,,,,,,,
SB202,SB202,平釘,平釘(8.8*2.2*3.55-3.6)一般平釘,,,,,,,,,,,,,,,,,,,,,,
SB202,SB202,平釘,平釘(切4.5mm),,,,,,,,,,,,,,,,,,,,,,
SB202,SB202,平釘,平釘(切4.9mm),,,,,,,,,,,,,,,,,,,,,,
SB202,SB202,平釘,平釘(切5.5mm),,,,,,,,,,,,,,,,,,,,,,
SB202,SB202,平釘,短平釘,,,,,,,,,,,,,,,,,,,,,,
SB202,SB202,平釘,短平釘(大孔）,,,,,,,,,,,,,,,,,,,,,,
SB203 SB204 SB205,SB203 SB204 SB205,面,面(12.5x5.1mm),,,,,,,,,,,,,,,,,,,,,,
SB203 SB204 SB205,SB203 SB204 SB205,面,面(12*5.1),,,,,,,,,,,,,,,,,,,,,,
SB203 SB204 SB205,SB203 SB204 SB205,面,面(12.5*4.7mm)-立輝,,,,,,,,,,,,,,,,,,,,,,
SB203 SB204 SB205,SB203 SB204 SB205,面,面(11.5mm*2.7管),,,,,,,,,,,,,,,,,,,,,,
SB203 SB204 SB205,SB203 SB204 SB205,面,面(15*2.6),,,,,,,,,,,,,,,,,,,,,,
SB203 SB204 SB205,SB203 SB204 SB205,面,面-雙包腳(12.5mm),,,,,,,,,,,,,,,,,,,,,,
SB203 SB204 SB205,SB203 SB204 SB205,面,花面 BG (12.5*5.1mm),,,,,,,,,,,,,,,,,,,,,,
SB203 SB204 SB205,SB203 SB204 SB205,面,花面 PC(12.5*4.7mm),,,,,,,,,,,,,,,,,,,,,,
SB203 SB204 SB205,SB203 SB204 SB205,面,花面 百威 (12.5*5.1mm),,,,,,,,,,,,,,,,,,,,,,
SB203 SB204 SB205,SB203 SB204 SB205,面,花面 傘型(12.5*4.7mm),,,,,,,,,,,,,,,,,,,,,,
SB203 SB204 SB205,SB203 SB204 SB205,面,花面(12.5* 4.7mm三象),,,,,,,,,,,,,,,,,,,,,,
SB203 SB204 SB205,SB203 SB204 SB205,面,花面-雙包腳(12.5mm 三象),,,,,,,,,,,,,,,,,,,,,,
SB204,SB203 SB204 SB205,面,204花面(凸面)-宇倫,,,,,,,,,,,,,,,,,,,,,,
SB205,SB203 SB204 SB205,面,205花面CHARLES JOURDAN(12*5.1mm),,,,,,,,,,,,,,,,,,,,,,
SB203 SB204 SB205,SB203 SB204 SB205,面,薄料短面(12.5*4.5),,,,,,,,,,,,,,,,,,,,,,
SB203,SB203 SB204 SB205,母,203母 無字 銅0.65 鐵0.45,,,,,,,,,,,,,,,,,,,,,,
SB203,SB203 SB204 SB205,母,203銅母 SUN 0.65,,,,,,,,,,,,,,,,,,,,,,
SB203,SB203 SB204 SB205,母,203銅母 DWO,,,,,,,,,,,,,,,,,,,,,,
SB203,SB203 SB204 SB205,母,203銅母 和漢 11mm 無字無孔 線距3.25~3.26mm,,,,,,,,,,,,,,,,,,,,,,
SB203,SB203 SB204 SB205,母,203銅母 和漢 11mm 無字無孔 線距3.18mm,,,,,,,,,,,,,,,,,,,,,,
SB203,SB203 SB204 SB205,母,203銅母 和漢 11mm 無字無孔 白鐵線0.5,,,,,,,,,,,,,,,,,,,,,,
SB203,SB203 SB204 SB205,母,203銅母 立 LIFEY MARK 0.62,,,,,,,,,,,,,,,,,,,,,,
SB203,SB203 SB204 SB205,母,203銅母 立 0.62 厚,,,,,,,,,,,,,,,,,,,,,,
SB203,SB203 SB204 SB205,母,203銅母 立 0.65,,,,,,,,,,,,,,,,,,,,,,
SB203,SB203 SB204 SB205,母,203鐵母 立 MARK LIFEY 0.45,,,,,,,,,,,,,,,,,,,,,,
SB203,SB203 SB204 SB205,母,203鐵母 SPX 0.45,,,,,,,,,,,,,,,,,,,,,,
SB203,SB203 SB204 SB205,母,203鐵母 SUN 0.39,,,,,,,,,,,,,,,,,,,,,,
SB203,SB203 SB204 SB205,母,203鐵母 SUN 0.5,,,,,,,,,,,,,,,,,,,,,,
SB203,SB203 SB204 SB205,母,203鐵母 HHCCB 0.45,,,,,,,,,,,,,,,,,,,,,,
SB203,SB203 SB204 SB205,母,203鐵母 HHCCB 0.5,,,,,,,,,,,,,,,,,,,,,,
SB203,SB203 SB204 SB205,母,203鐵母 MZT 0.5,,,,,,,,,,,,,,,,,,,,,,
SB203,SB203 SB204 SB205,母,203鐵母 Y.F 0.45,,,,,,,,,,,,,,,,,,,,,,
SB203,SB203 SB204 SB205,母,203鐵母 Y.F 0.45 (舊),,,,,,,,,,,,,,,,,,,,,,
SB204,SB203 SB204 SB205,母,204母 無字 銅0.65 鐵0.5,,,,,,,,,,,,,,,,,,,,,,
SB204,SB203 SB204 SB205,母,204母 KENG 銅0.7 鐵0.5,,,,,,,,,,,,,,,,,,,,,,
SB204,SB203 SB204 SB205,母,204母 FOX 銅0.65 鐵0.5,,,,,,,,,,,,,,,,,,,,,,
SB204,SB203 SB204 SB205,母,204銅母 八星,,,,,,,,,,,,,,,,,,,,,,
SB204,SB203 SB204 SB205,母,204銅母 SPX外有點,,,,,,,,,,,,,,,,,,,,,,
SB204,SB203 SB204 SB205,母,204鐵母 YAMADA 0.5,,,,,,,,,,,,,,,,,,,,,,
SB204,SB203 SB204 SB205,母,204鐵母 K BRAND 0.45,,,,,,,,,,,,,,,,,,,,,,
SB204,SB203 SB204 SB205,母,204鐵母 K BRAND 0.45 (舊),,,,,,,,,,,,,,,,,,,,,,
SB205,SB203 SB204 SB205,母,205母 無字 銅0.7 鐵0.5,,,,,,,,,,,,,,,,,,,,,,
SB205,SB203 SB204 SB205,母,205母 六星 銅0.7 鐵0.5,,,,,,,,,,,,,,,,,,,,,,
SB205,SB203 SB204 SB205,母,205母 KENG 銅0.7 鐵0.5,,,,,,,,,,,,,,,,,,,,,,
SB205,SB203 SB204 SB205,母,205母 TTK 銅0.7 鐵0.5,,,,,,,,,,,,,,,,,,,,,,
SB205,SB203 SB204 SB205,母,205母 五星 銅0.7 鐵0.55 (12.7mm),,,,,,,,,,,,,,,,,,,,,,
SB205,SB203 SB204 SB205,母,205銅母 SPX有點,,,,,,,,,,,,,,,,,,,,,,
SB205,SB203 SB204 SB205,母,205銅母 SPX無點 (用完就不再生產),,,,,,,,,,,,,,,,,,,,,,
SB205,SB203 SB204 SB205,母,205鐵薄料母 SPX 0.5,,,,,,,,,,,,,,,,,,,,,,
SB205,SB203 SB204 SB205,母,205鐵薄料母 SPX 0.5 (日式外有點、內無點),,,,,,,,,,,,,,,,,,,,,,
SB205,SB203 SB204 SB205,母,205鐵薄料母 SPX 0.52,,,,,,,,,,,,,,,,,,,,,,
SB205,SB203 SB204 SB205,母,205鐵薄料母 SPX 0.55 (有點),,,,,,,,,,,,,,,,,,,,,,
SB205,SB203 SB204 SB205,母,205鐵母 KENG 0.52,,,,,,,,,,,,,,,,,,,,,,
SB205,SB203 SB204 SB205,母,205鐵母 TTK 0.52,,,,,,,,,,,,,,,,,,,,,,
SB205,SB203 SB204 SB205,母,205鐵母 TTK 0.55,,,,,,,,,,,,,,,,,,,,,,
SB205,SB203 SB204 SB205,母,205鐵母 五星 0.55,,,,,,,,,,,,,,,,,,,,,,
SB205,SB203 SB204 SB205,母,205鐵母 3A3星 0.55,,,,,,,,,,,,,,,,,,,,,,
SB205,SB203 SB204 SB205,母,205鐵母 anand 0.52,,,,,,,,,,,,,,,,,,,,,,
SB205,SB203 SB204 SB205,母,205鐵母 CHERRY 0.5,,,,,,,,,,,,,,,,,,,,,,
SB205,SB203 SB204 SB205,母,205鐵母 J M 0.55,,,,,,,,,,,,,,,,,,,,,,
SB205,SB203 SB204 SB205,母,205鐵母 NAI 0.55,,,,,,,,,,,,,,,,,,,,,,
SB205,SB203 SB204 SB205,母,205鐵母 NEW 0.5,,,,,,,,,,,,,,,,,,,,,,
SB205,SB203 SB204 SB205,母,205鐵母 VARIA 0.5,,,,,,,,,,,,,,,,,,,,,,
SB205,SB203 SB204 SB205,母,205鐵母 VARIA 0.5 (舊),,,,,,,,,,,,,,,,,,,,,,
SB203 SB204 SB205,SB203 SB204 SB205,公,公 太陽,,,,,,,,,,,,,,,,,,,,,,
SB203 SB204 SB205,SB203 SB204 SB205,公,公 太陽（大頭）,,,,,,,,,,,,,,,,,,,,,,
SB203 SB204 SB205,SB203 SB204 SB205,公,公 點點,,,,,,,,,,,,,,,,,,,,,,
SB203 SB204 SB205,SB203 SB204 SB205,公,薄料公 太陽（頭較小）,,,,,,,,,,,,,,,,,,,,,,
SB203 SB204 SB205,SB203 SB204 SB205,公,薄料公 太陽,,,,,,,,,,,,,,,,,,,,,,
SB203 SB204 SB205,SB203 SB204 SB205,公,薄料公 太陽（日式）,,,,,,,,,,,,,,,,,,,,,,
SB203 SB204 SB205,SB203 SB204 SB205,公,薄料公 同心圓,,,,,,,,,,,,,,,,,,,,,,
SB203 SB204 SB205,SB203 SB204 SB205,腳,腳 人字 6.5mm,,,,,,,,,,,,,,,,,,,,,,
SB203 SB204 SB205,SB203 SB204 SB205,腳,腳 人字長腳 7.5mm,,,,,,,,,,,,,,,,,,,,,,
SB203 SB204 SB205,SB203 SB204 SB205,腳,腳 人字短腳 6.0mm,,,,,,,,,,,,,,,,,,,,,,
SB203 SB204 SB205,SB203 SB204 SB205,腳,腳 草圖 6.5mm,,,,,,,,,,,,,,,,,,,,,,
SB203 SB204 SB205,SB203 SB204 SB205,腳,腳 草圖長腳 7.5mm,,,,,,,,,,,,,,,,,,,,,,
SB203 SB204 SB205,SB203 SB204 SB205,腳,腳 太陽 6.5mm,,,,,,,,,,,,,,,,,,,,,,
SB203 SB204 SB205,SB203 SB204 SB205,腳,腳 太陽長腳 7.5mm,,,,,,,,,,,,,,,,,,,,,,
SB203 SB204 SB205,SB203 SB204 SB205,腳,腳 同心圓,,,,,,,,,,,,,,,,,,,,,,
SB203 SB204 SB205,SB203 SB204 SB205,腳,腳 米字長腳,,,,,,,,,,,,,,,,,,,,,,
SB203 SB204 SB205,SB203 SB204 SB205,腳,腳 喇叭腳(開口),,,,,,,,,,,,,,,,,,,,,,
SB205,SB203 SB204 SB205,腳,205腳 人字 6mm特製 立輝,,,,,,,,,,,,,,,,,,,,,,
SB203 SB204 SB205,SB203 SB204 SB205,腳,薄料腳 人字,,,,,,,,,,,,,,,,,,,,,,
SB203 SB204 SB205,SB203 SB204 SB205,腳,薄料腳 人字長腳,,,,,,,,,,,,,,,,,,,,,,
SB203 SB204 SB205,SB203 SB204 SB205,腳,薄料腳 同心圓,,,,,,,,,,,,,,,,,,,,,,
SB203 SB204 SB205,SB203 SB204 SB205,腳,薄料腳 同心圓長腳,,,,,,,,,,,,,,,,,,,,,,
SB203 SB204 SB205,SB203 SB204 SB205,腳,薄料腳 草字長腳（日式）,,,,,,,,,,,,,,,,,,,,,,
SB203 SB204 SB205,SB203 SB204 SB205,平釘,平釘,,,,,,,,,,,,,,,,,,,,,,
SB203 SB204 SB205,SB203 SB204 SB205,平釘,平釘(5.8*2.6),,,,,,,,,,,,,,,,,,,,,,
SB203 SB204 SB205,SB203 SB204 SB205,平釘,平釘(5.8*2.65*5.1),,,,,,,,,,,,,,,,,,,,,,
SB203 SB204 SB205,SB203 SB204 SB205,平釘,平釘(5.8*2.7*6),,,,,,,,,,,,,,,,,,,,,,
SB206 SB207 SB208 SB303,SB206 SB207 SB208（SB303面請在此輸入）,面（SB303面請在此輸入）,面(15*3.0),,,,,,,,,,,,,,,,,,,,,,
SB206 SB207 SB208 SB303,SB206 SB207 SB208（SB303面請在此輸入）,面（SB303面請在此輸入）,面(15*3.0) 面腳,,,,,,,,,,,,,,,,,,,,,,
SB206,SB206 SB207 SB208（SB303面請在此輸入）,母,206母 六星,,,,,,,,,,,,,,,,,,,,,,
SB206,SB206 SB207 SB208（SB303面請在此輸入）,母,206母 KENG,,,,,,,,,,,,,,,,,,,,,,
SB207,SB206 SB207 SB208（SB303面請在此輸入）,母,207母 六星 銅0.75 鐵0.55,,,,,,,,,,,,,,,,,,,,,,
SB207,SB206 SB207 SB208（SB303面請在此輸入）,母,207母 KENG 銅0.75 鐵0.55,,,,,,,,,,,,,,,,,,,,,,
SB207,SB206 SB207 SB208（SB303面請在此輸入）,母,207銅母 無字 0.75,,,,,,,,,,,,,,,,,,,,,,
SB207,SB206 SB207 SB208（SB303面請在此輸入）,母,207銅母 520,,,,,,,,,,,,,,,,,,,,,,
SB207,SB206 SB207 SB208（SB303面請在此輸入）,母,207銅母 CHAMPION,,,,,,,,,,,,,,,,,,,,,,
SB207,SB206 SB207 SB208（SB303面請在此輸入）,母,207銅母 SCOTT 0.75,,,,,,,,,,,,,,,,,,,,,,
SB207,SB206 SB207 SB208（SB303面請在此輸入）,母,207鐵母 HHM 520,,,,,,,,,,,,,,,,,,,,,,
SB207,SB206 SB207 SB208（SB303面請在此輸入）,母,207鐵母 PRYM 6 0.55,,,,,,,,,,,,,,,,,,,,,,
SB208,SB206 SB207 SB208（SB303面請在此輸入）,母,208母 IRC,,,,,,,,,,,,,,,,,,,,,,
SB208,SB206 SB207 SB208（SB303面請在此輸入）,母,208母 六星,,,,,,,,,,,,,,,,,,,,,,
SB206 SB207 SB208,SB206 SB207 SB208（SB303面請在此輸入）,公,公 太陽,,,,,,,,,,,,,,,,,,,,,,
SB206 SB207 SB208,SB206 SB207 SB208（SB303面請在此輸入）,公,公 太陽(大片),,,,,,,,,,,,,,,,,,,,,,
SB206 SB207 SB208,SB206 SB207 SB208（SB303面請在此輸入）,腳,腳 密合几字短腳(短1mm),,,,,,,,,,,,,,,,,,,,,,
SB206 SB207 SB208,SB206 SB207 SB208（SB303面請在此輸入）,腳,腳 密合几字腳,,,,,,,,,,,,,,,,,,,,,,
SB206 SB207 SB208,SB206 SB207 SB208（SB303面請在此輸入）,腳,腳 開口几字腳,,,,,,,,,,,,,,,,,,,,,,
SB206 SB207 SB208,SB206 SB207 SB208（SB303面請在此輸入）,腳,腳 開口太陽腳 12mm,,,,,,,,,,,,,,,,,,,,,,
SB206 SB207 SB208,SB206 SB207 SB208（SB303面請在此輸入）,腳,腳 開口腳 SCOTT,,,,,,,,,,,,,,,,,,,,,,
SB209 SB302,SB209（SB302面請在此輸入）,SB209 SB302 面,長面(15*3.8),,,,,,,,,,,,,,,,,,,,,,
SB209 SB302,SB209（SB302面請在此輸入）,SB209 SB302 面,長面(12*3.8),,,,,,,,,,,,,,,,,,,,,,
SB209 SB302,SB209（SB302面請在此輸入）,SB209 SB302 面,長面(16mm) 已結合,,,,,,,,,,,,,,,,,,,,,,
SB209 SB302,SB209（SB302面請在此輸入）,SB209 SB302 面,長面(16mm) 面殼,,,,,,,,,,,,,,,,,,,,,,
SB209 SB302,SB209（SB302面請在此輸入）,SB209 SB302 面,長面(16mm) 面腳,,,,,,,,,,,,,,,,,,,,,,
SB209 SB302,SB209（SB302面請在此輸入）,SB209 SB302 面,短面(15*3.8),,,,,,,,,,,,,,,,,,,,,,
SB209 SB302,SB209（SB302面請在此輸入）,SB209 SB302 面,短面(17*3.8),,,,,,,,,,,,,,,,,,,,,,
SB209 SB302,SB209（SB302面請在此輸入）,SB209 SB302 面,面 特長面,,,,,,,,,,,,,,,,,,,,,,
SB209 SB302,SB209（SB302面請在此輸入）,SB209 SB302 面,面 特長面 (15X9mm),,,,,,,,,,,,,,,,,,,,,,
SB209 SB302,SB209（SB302面請在此輸入）,SB209 SB302 面,雙包面(15mm),,,,,,,,,,,,,,,,,,,,,,
SB209 SB302,SB209（SB302面請在此輸入）,SB209 SB302 面,短花面 ALWraaq(15*3.8),,,,,,,,,,,,,,,,,,,,,,
SB209 SB302,SB209（SB302面請在此輸入）,SB209 SB302 面,短花面 D-23,,,,,,,,,,,,,,,,,,,,,,
SB209 SB302,SB209（SB302面請在此輸入）,SB209 SB302 面,鐵 短花面 D-22 (15x3.8),,,,,,,,,,,,,,,,,,,,,,
SB209 SB302,SB209（SB302面請在此輸入）,SB209 SB302 面,長花面 EVERSAFE一星(15*3.8),,,,,,,,,,,,,,,,,,,,,,
SB209 SB302,SB209（SB302面請在此輸入）,SB209 SB302 面,長花面 EVERSAFE無星(15*3.8),,,,,,,,,,,,,,,,,,,,,,
SB209 SB302,SB209（SB302面請在此輸入）,SB209 SB302 面,長花面 HL (15X3.8) 凸面,,,,,,,,,,,,,,,,,,,,,,
SB209 SB302,SB209（SB302面請在此輸入）,SB209 SB302 面,長花面 X (15X3.8) 凹面 (骨頭),,,,,,,,,,,,,,,,,,,,,,
SB209 SB302,SB209（SB302面請在此輸入）,SB209 SB302 面,長花面 老鷹無字(15*3.8),,,,,,,,,,,,,,,,,,,,,,
SB209 SB302,SB209（SB302面請在此輸入）,SB209 SB302 面,長花面 LASER(15*3.8) 玉堡,,,,,,,,,,,,,,,,,,,,,,
SB209 SB302,SB209（SB302面請在此輸入）,SB209 SB302 面,長花面 PT(15*3.8),,,,,,,,,,,,,,,,,,,,,,
SB209 SB302,SB209（SB302面請在此輸入）,SB209 SB302 面,長面(15*3.8) 面腳,,,,,,,,,,,,,,,,,,,,,,
SB209,SB209（SB302面請在此輸入）,SB209母,母 IRC,,,,,,,,,,,,,,,,,,,,,,
SB209,SB209（SB302面請在此輸入）,SB209母,母 六星,,,,,,,,,,,,,,,,,,,,,,
SB209,SB209（SB302面請在此輸入）,SB209母,母 SB,,,,,,,,,,,,,,,,,,,,,,
SB209,SB209（SB302面請在此輸入）,SB209母,母 TTK,,,,,,,,,,,,,,,,,,,,,,
SB209,SB209（SB302面請在此輸入）,SB209母,母 TTK BUTTON,,,,,,,,,,,,,,,,,,,,,,
SB209,SB209（SB302面請在此輸入）,SB209母,母 五星,,,,,,,,,,,,,,,,,,,,,,
SB209,SB209（SB302面請在此輸入）,SB209母,母 FOX,,,,,,,,,,,,,,,,,,,,,,
SB209,SB209（SB302面請在此輸入）,SB209母,母 無字,,,,,,,,,,,,,,,,,,,,,,
SB209,SB209（SB302面請在此輸入）,SB209母,母 立輝 厚料,,,,,,,,,,,,,,,,,,,,,,
SB209,SB209（SB302面請在此輸入）,SB209母,銅母 KEN-MA,,,,,,,,,,,,,,,,,,,,,,
SB209,SB209（SB302面請在此輸入）,SB209母,銅母 NEWEY,,,,,,,,,,,,,,,,,,,,,,
SB209,SB209（SB302面請在此輸入）,SB209母,銅母 NEW-STAR,,,,,,,,,,,,,,,,,,,,,,
SB209,SB209（SB302面請在此輸入）,SB209母,銅母 NZK-BUTTON,,,,,,,,,,,,,,,,,,,,,,
SB209,SB209（SB302面請在此輸入）,SB209母,鐵母 anand 0.6,,,,,,,,,,,,,,,,,,,,,,
SB209,SB209（SB302面請在此輸入）,SB209母,鐵母 END 0.6,,,,,,,,,,,,,,,,,,,,,,
SB209,SB209（SB302面請在此輸入）,SB209母,鐵母 KENG 0.6,,,,,,,,,,,,,,,,,,,,,,
SB209,SB209（SB302面請在此輸入）,SB209母,鐵母 TA 0.6,,,,,,,,,,,,,,,,,,,,,,
SB209,SB209（SB302面請在此輸入）,SB209母,鐵母 六星 0.6（舊）,,,,,,,,,,,,,,,,,,,,,,
SB209,SB209（SB302面請在此輸入）,SB209母,鐵母 TTK 0.6(舊),,,,,,,,,,,,,,,,,,,,,,
SB209,SB209（SB302面請在此輸入）,SB209公,公 太陽,,,,,,,,,,,,,,,,,,,,,,
SB209,SB209（SB302面請在此輸入）,SB209公,公 太陽(0.3厚料),,,,,,,,,,,,,,,,,,,,,,
SB209,SB209（SB302面請在此輸入）,SB209腳,腳,,,,,,,,,,,,,,,,,,,,,,
SB209,SB209（SB302面請在此輸入）,SB209腳,腳 喇叭腳 (0.3料),,,,,,,,,,,,,,,,,,,,,,
SB210,SB210,面,面,,,,,,,,,,,,,,,,,,,,,,
SB210,SB210,母,母 15mm,,,,,,,,,,,,,,,,,,,,,,
SB210,SB210,母,母 16mm,,,,,,,,,,,,,,,,,,,,,,
SB210,SB210,公,公,,,,,,,,,,,,,,,,,,,,,,
SB210,SB210,腳,腳,,,,,,,,,,,,,,,,,,,,,,
SB301,SB301（SB303腳請在此輸入）,面,面(10*2.8*6mm),,,,,,,,,,,,,,,,,,,,,,
SB301,SB301（SB303腳請在此輸入）,面,面(12.5*6mm),,,,,,,,,,,,,,,,,,,,,,
SB301,SB301（SB303腳請在此輸入）,母,母殼,,,,,,,,,,,,,,,,,,,,,,
SB301,SB301（SB303腳請在此輸入）,母,母 已結合,,,,,,,,,,,,,,,,,,,,,,
SB301,SB301（SB303腳請在此輸入）,公,公,,,,,,,,,,,,,,,,,,,,,,
SB301 SB303,SB301（SB303腳請在此輸入）,腳,SB301 SB303腳,,,,,,,,,,,,,,,,,,,,,,
SB301 SB303,SB301（SB303腳請在此輸入）,腳,SB301 SB303特長腳,,,,,,,,,,,,,,,,,,,,,,
SB301 SB303,SB301（SB303腳請在此輸入）,腳,SB301 SB303腳(厚料)-夏釦,,,,,,,,,,,,,,,,,,,,,,
SB302,SB302（面請在SB209輸入）,母,母殼,,,,,,,,,,,,,,,,,,,,,,
SB302,SB302（面請在SB209輸入）,母,母 已結合,,,,,,,,,,,,,,,,,,,,,,
SB302,SB302（面請在SB209輸入）,公,公,,,,,,,,,,,,,,,,,,,,,,
SB302,SB302（面請在SB209輸入）,腳,長腳,,,,,,,,,,,,,,,,,,,,,,
SB302,SB302（面請在SB209輸入）,腳,短腳,,,,,,,,,,,,,,,,,,,,,,
SB302,SB302（面請在SB209輸入）,母,母 TTK,,,,,,,,,,,,,,,,,,,,,,
SB302,SB302（面請在SB209輸入）,母,母(結銅圈) 玉堡,,,,,,,,,,,,,,,,,,,,,,
SB302,SB302（面請在SB209輸入）,母,母(結鐵圈9.57mm) 玉堡,,,,,,,,,,,,,,,,,,,,,,
SB302,SB302（面請在SB209輸入）,母,母殼 特殊,,,,,,,,,,,,,,,,,,,,,,
SB302,SB302（面請在SB209輸入）,公,公 特殊,,,,,,,,,,,,,,,,,,,,,,
SB302,SB302（面請在SB209輸入）,腳,特長腳 (9mm),,,,,,,,,,,,,,,,,,,,,,
SB303,SB303（面請在SB206輸入、腳請在SB301輸入）,面,面,,,,,,,,,,,,,,,,,,,,,,
SB303,SB303（面請在SB206輸入、腳請在SB301輸入）,母,母殼,,,,,,,,,,,,,,,,,,,,,,
SB303,SB303（面請在SB206輸入、腳請在SB301輸入）,母,母 已結合,,,,,,,,,,,,,,,,,,,,,,
SB303,SB303（面請在SB206輸入、腳請在SB301輸入）,公,公 切邊無點-10.5(夏釦),,,,,,,,,,,,,,,,,,,,,,
SB303,SB303（面請在SB206輸入、腳請在SB301輸入）,公,公 切邊點點-10.5,,,,,,,,,,,,,,,,,,,,,,
SB303,SB303（面請在SB206輸入、腳請在SB301輸入）,公,公 立體無點-12.5,,,,,,,,,,,,,,,,,,,,,,
SB303,SB303（面請在SB206輸入、腳請在SB301輸入）,公,公 立體點點-12.5,,,,,,,,,,,,,,,,,,,,,,
SB303,SB303（面請在SB206輸入、腳請在SB301輸入）,腳,腳 UTS(5.5mm),,,,,,,,,,,,,,,,,,,,,,
SB303,SB303（面請在SB206輸入、腳請在SB301輸入）,腳,腳 立體,,,,,,,,,,,,,,,,,,,,,,
RI-6,RI-6 RI-7,面,面,,,,,,,,,,,,,,,,,,,,,,
RI-6,RI-6 RI-7,腳,單包腳 6x6,,,,,,,,,,,,,,,,,,,,,,
RI-6,RI-6 RI-7,腳,雙包腳 6x6,,,,,,,,,,,,,,,,,,,,,,
RI-6,RI-6 RI-7,腳,單包腳 6x7,,,,,,,,,,,,,,,,,,,,,,
RI-6,RI-6 RI-7,腳,雙包腳 6x7,,,,,,,,,,,,,,,,,,,,,,
RI-7,RI-6 RI-7,面,面,,,,,,,,,,,,,,,,,,,,,,
RI-7,RI-6 RI-7,腳,單包腳 7x7,,,,,,,,,,,,,,,,,,,,,,
RI-7,RI-6 RI-7,腳,雙包腳 7x7,,,,,,,,,,,,,,,,,,,,,,
RI-8,RI-8 RI-9,面,面,,,,,,,,,,,,,,,,,,,,,,
RI-8,RI-8 RI-9,腳,單包腳 8x8,,,,,,,,,,,,,,,,,,,,,,
RI-8,RI-8 RI-9,腳,雙包腳 8x8,,,,,,,,,,,,,,,,,,,,,,
RI-9,RI-8 RI-9,面,面,,,,,,,,,,,,,,,,,,,,,,
RI-9,RI-8 RI-9,腳,單包腳 9x9,,,,,,,,,,,,,,,,,,,,,,
RI-9,RI-8 RI-9,腳,RI-9 雙包腳 9x9,,,,,,,,,,,,,,,,,,,,,,
RI-9,RI-8 RI-9,腳,單包腳 9x12,,,,,,,,,,,,,,,,,,,,,,
RI-9,RI-8 RI-9,腳,雙包腳 9x12,,,,,,,,,,,,,,,,,,,,,,
RI-13,RI-13,面,面 (一般料),,,,,,,,,,,,,,,,,,,,,,
RI-13,RI-13,面,面 (厚料),,,,,,,,,,,,,,,,,,,,,,
RI-13,RI-13,面,面 (特厚料),,,,,,,,,,,,,,,,,,,,,,
RI-13,RI-13,腳,單包腳 12x13 (一般料),,,,,,,,,,,,,,,,,,,,,,
